timestamp,fire_start_time,location,severity
2024-06-09 16:54:00,2024-06-09 16:53:00,"45.7373,-72.2228",low
2024-06-02 16:21:00,2024-06-02 16:20:00,"44.2024,-73.6653",high
2024-06-02 01:03:00,2024-06-02 01:01:00,"45.9498,-72.3424",high
2024-06-12 21:46:00,2024-06-12 21:40:00,"45.9563,-72.3989",low
2024-06-12 21:46:00,2024-06-04 16:36:00,"44.1255,-72.0541",high
2024-06-20 04:34:00,2024-06-20 04:25:00,"44.5101,-73.0568",medium
2024-06-09 13:27:00,2024-06-09 13:20:00,"45.0313,-73.2321",low
2024-06-06 21:38:00,2024-06-06 21:37:00,"44.6890,-72.0914",low
2024-06-06 21:38:00,2024-06-21 16:51:00,"44.2603,-73.0319",high
2024-06-02 12:25:00,2024-06-02 12:19:00,"45.8680,-73.5433",medium
2024-06-26 10:46:00,2024-06-26 10:45:00,"45.1068,-73.3420",medium
2024-06-25 21:49:00,2024-06-25 21:40:00,"44.2585,-72.4541",high
2024-06-25 21:49:00,2024-06-03 03:05:00,"44.3046,-73.9628",high
2024-06-10 13:14:00,2024-06-10 13:12:00,"44.1463,-72.3017",high
2024-06-29 04:11:00,2024-06-29 04:06:00,"45.9364,-72.1690",low
2024-06-06 00:47:00,2024-06-06 00:38:00,"44.5582,-72.8868",high
2024-06-06 00:47:00,2024-06-15 14:09:00,"44.4812,-72.0778",low
2024-06-04 16:19:00,2024-06-04 16:18:00,"45.2558,-73.1740",low
2024-07-01 14:39:00,2024-07-01 14:38:00,"45.4971,-73.1666",medium
2024-06-25 03:05:00,2024-06-25 02:55:00,"45.2663,-73.8079",high
2024-06-25 03:05:00,2024-06-12 05:44:00,"45.6445,-73.1661",high
2024-06-17 15:22:00,2024-06-17 15:14:00,"44.0416,-72.2126",medium
2024-06-24 00:27:00,2024-06-24 00:17:00,"44.0381,-72.9850",medium
2024-06-10 23:02:00,2024-06-10 22:52:00,"44.7336,-72.3250",high
2024-06-10 23:02:00,2024-07-01 03:02:00,"45.1096,-73.2076",high
2024-06-06 13:15:00,2024-06-06 13:12:00,"44.1029,-73.3752",high
2024-06-18 08:10:00,2024-06-18 08:06:00,"44.9453,-72.7402",medium
2024-07-01 15:51:00,2024-07-01 15:44:00,"45.4260,-72.1454",medium
2024-07-01 15:51:00,2024-06-26 13:01:00,"44.2085,-72.1321",high
2024-06-26 09:54:00,2024-06-26 09:48:00,"44.7072,-72.6106",high
2024-06-09 08:49:00,2024-06-09 08:43:00,"45.2573,-72.1336",low
2024-06-13 22:56:00,2024-06-13 22:55:00,"45.0502,-72.0613",medium
2024-06-13 22:56:00,2024-06-27 02:47:00,"45.4407,-72.3758",high
2024-06-16 10:16:00,2024-06-16 10:15:00,"45.9176,-73.2928",high
2024-06-27 20:10:00,2024-06-27 20:03:00,"45.9027,-73.0648",low
2024-06-28 06:39:00,2024-06-28 06:34:00,"44.5073,-72.4957",medium
2024-06-28 06:39:00,2024-06-11 04:42:00,"44.0122,-73.9111",medium
2024-06-24 05:12:00,2024-06-24 05:03:00,"45.8022,-72.8185",high
2024-06-04 16:35:00,2024-06-04 16:31:00,"45.5811,-73.2393",high
2024-06-14 01:47:00,2024-06-14 01:41:00,"45.4218,-73.4705",low
2024-06-14 01:47:00,2024-06-05 08:28:00,"44.9162,-72.4879",high
2024-06-26 18:46:00,2024-06-26 18:40:00,"44.2261,-72.3792",high
2024-06-23 20:43:00,2024-06-23 20:40:00,"44.9484,-72.8733",high
2024-06-27 12:56:00,2024-06-27 12:46:00,"45.8642,-72.3431",low
2024-06-27 12:56:00,2024-06-10 00:36:00,"44.1374,-72.7293",medium
2024-06-01 22:32:00,2024-06-01 22:31:00,"45.5946,-73.7013",medium
2024-06-20 18:06:00,2024-06-20 18:02:00,"45.4423,-73.7131",low
2024-06-12 19:45:00,2024-06-12 19:40:00,"44.7395,-73.6413",high
2024-06-12 19:45:00,2024-06-15 07:20:00,"44.1213,-73.3185",high
2024-06-13 14:01:00,2024-06-13 13:52:00,"44.0795,-72.3016",low
2024-06-18 02:48:00,2024-06-18 02:41:00,"44.8122,-73.4931",high
2024-06-08 02:35:00,2024-06-08 02:31:00,"44.7496,-73.5456",low
2024-06-08 02:35:00,2024-06-18 14:26:00,"45.4985,-72.8011",high
2024-06-03 12:16:00,2024-06-03 12:15:00,"44.0144,-73.7094",low
2024-06-16 00:02:00,2024-06-15 23:55:00,"44.9792,-72.3863",low
2024-06-27 04:56:00,2024-06-27 04:46:00,"45.6895,-72.5028",low
2024-06-27 04:56:00,2024-06-02 01:45:00,"45.2258,-72.5219",high
2024-07-01 04:20:00,2024-07-01 04:11:00,"45.5410,-72.6719",high
2024-06-21 06:24:00,2024-06-21 06:23:00,"44.2048,-72.1223",low
2024-06-03 11:35:00,2024-06-03 11:28:00,"45.8993,-72.7195",high
2024-06-03 11:35:00,2024-06-11 19:32:00,"45.4182,-73.2631",medium
2024-06-22 10:46:00,2024-06-22 10:42:00,"44.2735,-72.2823",high
2024-06-16 17:59:00,2024-06-16 17:52:00,"45.2340,-72.7887",low
2024-06-23 01:14:00,2024-06-23 01:07:00,"44.5918,-72.2776",high
2024-06-23 01:14:00,2024-06-12 09:33:00,"45.6740,-72.8385",high
2024-06-29 08:45:00,2024-06-29 08:35:00,"45.5401,-72.3775",high
2024-07-01 07:05:00,2024-07-01 06:57:00,"45.2410,-72.6985",high
2024-06-02 10:17:00,2024-06-02 10:14:00,"44.3903,-72.0105",medium
2024-06-02 10:17:00,2024-06-07 13:09:00,"45.9153,-73.4599",low
2024-06-05 14:18:00,2024-06-05 14:16:00,"45.5073,-73.1580",high
2024-06-03 15:39:00,2024-06-03 15:38:00,"45.7823,-72.4635",low
2024-06-30 02:57:00,2024-06-30 02:49:00,"44.2121,-72.5207",high
2024-06-30 02:57:00,2024-06-17 00:21:00,"44.2389,-73.6117",medium
2024-06-30 05:31:00,2024-06-30 05:28:00,"44.0344,-72.0022",medium
2024-06-11 06:17:00,2024-06-11 06:15:00,"45.0449,-73.9176",medium
2024-06-07 03:29:00,2024-06-07 03:19:00,"44.4483,-73.4281",medium
2024-06-07 03:29:00,2024-06-21 03:59:00,"44.3860,-72.6185",high
2024-06-23 11:21:00,2024-06-23 11:17:00,"44.6729,-72.4239",low
2024-06-02 04:35:00,2024-06-02 04:27:00,"44.8412,-72.0708",high
2024-06-19 07:45:00,2024-06-19 07:38:00,"45.7380,-73.3921",medium
2024-06-19 07:45:00,2024-06-22 20:33:00,"45.5708,-73.6532",medium
2024-06-16 10:50:00,2024-06-16 10:46:00,"44.4157,-72.4296",high
2024-06-02 11:40:00,2024-06-02 11:37:00,"44.8406,-73.5936",medium
2024-06-24 07:07:00,2024-06-24 07:05:00,"45.8989,-72.3090",low
2024-06-24 07:07:00,2024-06-24 05:19:00,"45.3514,-72.4535",high
2024-06-12 06:25:00,2024-06-12 06:16:00,"45.2233,-73.1869",high
2024-06-22 00:55:00,2024-06-22 00:45:00,"45.7942,-72.9426",high
2024-06-16 23:12:00,2024-06-16 23:02:00,"44.5031,-72.7508",medium
2024-06-16 23:12:00,2024-06-06 20:28:00,"44.0598,-73.9742",medium
2024-06-10 16:41:00,2024-06-10 16:34:00,"44.5941,-73.0278",medium
2024-06-16 05:05:00,2024-06-16 05:00:00,"45.9784,-73.0926",medium
2024-06-17 19:48:00,2024-06-17 19:45:00,"45.2616,-72.6165",high
2024-06-17 19:48:00,2024-06-18 00:29:00,"44.7825,-72.8128",medium
2024-06-14 06:41:00,2024-06-14 06:35:00,"45.6710,-73.4962",medium
2024-06-23 23:04:00,2024-06-23 22:57:00,"44.4532,-73.3267",low
2024-06-25 01:16:00,2024-06-25 01:06:00,"44.2025,-73.0751",high
2024-06-25 01:16:00,2024-06-06 11:00:00,"45.3502,-72.9781",low
2024-06-10 17:34:00,2024-06-10 17:32:00,"45.3425,-72.5107",low
2024-06-19 21:02:00,2024-06-19 20:57:00,"45.3619,-72.0509",high
2024-06-30 11:51:00,2024-06-30 11:42:00,"44.5250,-73.9127",low
2024-06-30 11:51:00,2024-06-10 01:55:00,"45.9228,-73.6928",high
2024-06-05 12:15:00,2024-06-05 12:12:00,"45.8521,-72.3573",medium
2024-06-03 05:46:00,2024-06-03 05:43:00,"44.4293,-73.7380",high
2024-06-27 15:20:00,2024-06-27 15:14:00,"44.4999,-72.5903",medium
2024-06-27 15:20:00,2024-07-01 15:03:00,"45.7909,-72.0504",low
2024-06-24 05:26:00,2024-06-24 05:22:00,"45.7874,-72.8902",low
2024-06-17 06:53:00,2024-06-17 06:52:00,"45.9224,-73.5333",medium
2024-06-02 17:36:00,2024-06-02 17:32:00,"44.8043,-72.8368",medium
2024-06-02 17:36:00,2024-06-08 09:43:00,"45.7147,-72.8901",high
2024-06-24 10:41:00,2024-06-24 10:36:00,"44.6185,-72.3051",high
2024-06-06 20:19:00,2024-06-06 20:11:00,"44.0123,-73.0915",medium
2024-06-22 17:43:00,2024-06-22 17:36:00,"45.5547,-73.7844",low
2024-06-22 17:43:00,2024-06-20 07:49:00,"45.8540,-73.5842",high
2024-06-07 04:10:00,2024-06-07 04:03:00,"45.3336,-72.3823",high
2024-06-22 11:42:00,2024-06-22 11:33:00,"45.2444,-73.6349",high
2024-06-06 22:52:00,2024-06-06 22:51:00,"45.9614,-72.5566",low
2024-06-06 22:52:00,2024-06-29 13:17:00,"44.4131,-73.9146",low
2024-06-09 14:20:00,2024-06-09 14:19:00,"45.2152,-72.0039",medium
2024-06-09 21:52:00,2024-06-09 21:42:00,"44.4462,-72.7088",low
2024-06-08 13:17:00,2024-06-08 13:11:00,"44.5906,-73.5119",medium
2024-06-08 13:17:00,2024-06-02 10:24:00,"44.4893,-72.6934",low
2024-06-17 00:56:00,2024-06-17 00:48:00,"44.0851,-72.1896",high
2024-06-10 16:21:00,2024-06-10 16:13:00,"44.1026,-72.1626",medium
2024-07-01 23:08:00,2024-07-01 23:02:00,"44.1998,-73.0649",high
2024-07-01 23:08:00,2024-06-01 16:50:00,"45.5663,-72.5085",high
2024-06-04 18:36:00,2024-06-04 18:34:00,"45.3065,-72.5803",low
2024-06-14 08:03:00,2024-06-14 08:01:00,"45.8686,-72.5541",medium
2024-06-23 14:30:00,2024-06-23 14:26:00,"44.9481,-73.6113",low
2024-06-23 14:30:00,2024-06-14 13:08:00,"45.8670,-72.9884",medium
2024-06-12 22:01:00,2024-06-12 21:51:00,"44.4114,-72.6777",low
2024-06-25 07:35:00,2024-06-25 07:34:00,"45.0218,-73.1741",low
2024-06-10 02:32:00,2024-06-10 02:24:00,"45.5119,-73.1832",high
2024-06-10 02:32:00,2024-06-05 19:05:00,"45.5960,-72.3511",medium
2024-06-27 09:12:00,2024-06-27 09:09:00,"45.3544,-73.4743",high
2024-06-05 18:15:00,2024-06-05 18:08:00,"44.8754,-73.4190",low
2024-06-27 12:57:00,2024-06-27 12:55:00,"45.9381,-72.7585",low
2024-06-27 12:57:00,2024-06-02 11:17:00,"44.3599,-72.9216",low
2024-06-19 15:09:00,2024-06-19 15:01:00,"45.1966,-73.8215",medium
2024-06-10 15:01:00,2024-06-10 14:58:00,"44.9465,-72.1138",high
2024-06-01 15:27:00,2024-06-01 15:19:00,"44.6746,-72.2582",low
2024-06-01 15:27:00,2024-06-06 12:38:00,"44.2721,-73.8766",high
2024-06-12 13:08:00,2024-06-12 13:03:00,"45.4947,-72.3724",low
2024-06-16 19:59:00,2024-06-16 19:56:00,"44.9019,-73.9370",high
2024-06-20 21:53:00,2024-06-20 21:48:00,"45.5113,-72.8113",medium
2024-06-20 21:53:00,2024-06-08 17:59:00,"45.5526,-72.7741",medium
2024-06-17 02:21:00,2024-06-17 02:11:00,"44.6101,-73.2371",high
2024-06-19 04:16:00,2024-06-19 04:11:00,"45.5091,-73.6576",low
2024-06-03 02:06:00,2024-06-03 01:58:00,"44.3764,-72.3588",medium
2024-06-03 02:06:00,2024-06-24 03:24:00,"45.7142,-72.5103",medium
2024-06-15 07:00:00,2024-06-15 06:51:00,"44.9668,-73.8170",medium
2024-06-20 18:05:00,2024-06-20 18:00:00,"44.6572,-72.6164",medium
2024-06-13 08:26:00,2024-06-13 08:17:00,"45.0926,-72.7546",low
2024-06-13 08:26:00,2024-06-24 05:32:00,"44.3572,-72.4763",medium
2024-06-26 05:40:00,2024-06-26 05:37:00,"45.1320,-72.8604",high
2024-06-14 13:14:00,2024-06-14 13:04:00,"44.0471,-73.4253",high
2024-06-30 17:39:00,2024-06-30 17:36:00,"45.9808,-72.9924",low
2024-06-30 17:39:00,2024-06-01 21:38:00,"45.5026,-73.0865",low
2024-06-30 22:12:00,2024-06-30 22:06:00,"45.8120,-72.4033",medium
2024-06-22 02:57:00,2024-06-22 02:56:00,"44.5925,-72.4596",low
2024-06-18 20:53:00,2024-06-18 20:45:00,"44.7874,-73.7559",high
2024-06-18 20:53:00,2024-06-03 15:26:00,"44.2892,-72.3567",low
2024-06-11 13:35:00,2024-06-11 13:29:00,"44.7743,-72.5468",medium
2024-06-06 22:07:00,2024-06-06 22:01:00,"44.3223,-72.6590",low
2024-06-30 03:06:00,2024-06-30 02:57:00,"45.1447,-73.1522",low
2024-06-30 03:06:00,2024-06-16 00:37:00,"45.6826,-72.5333",medium
2024-06-13 14:40:00,2024-06-13 14:36:00,"44.2970,-72.0850",high
2024-06-11 22:12:00,2024-06-11 22:09:00,"45.0492,-72.5954",high
2024-06-12 00:29:00,2024-06-12 00:27:00,"44.7432,-73.4737",medium
2024-06-12 00:29:00,2024-06-18 13:05:00,"44.9251,-72.3729",high
2024-06-06 14:50:00,2024-06-06 14:45:00,"45.3496,-72.5774",high
2024-06-02 00:18:00,2024-06-02 00:11:00,"45.4539,-73.8246",low
2024-06-27 16:50:00,2024-06-27 16:48:00,"44.1162,-72.4937",high
2024-06-27 16:50:00,2024-06-23 06:18:00,"44.4353,-73.9565",high
2024-06-14 11:59:00,2024-06-14 11:52:00,"44.7826,-73.0176",low
2024-06-19 13:35:00,2024-06-19 13:31:00,"44.0038,-72.0850",medium
2024-06-07 13:43:00,2024-06-07 13:35:00,"45.8672,-72.4275",medium
2024-06-07 13:43:00,2024-06-06 12:38:00,"45.3842,-73.2899",high
2024-06-26 10:18:00,2024-06-26 10:12:00,"45.4994,-72.9416",high
2024-06-14 07:57:00,2024-06-14 07:56:00,"44.3092,-73.2618",medium
2024-06-02 05:14:00,2024-06-02 05:05:00,"45.1649,-72.0496",medium
2024-06-02 05:14:00,2024-06-30 14:11:00,"44.6298,-73.1329",low
2024-06-23 00:52:00,2024-06-23 00:47:00,"45.5815,-73.2400",low
2024-06-08 23:02:00,2024-06-08 22:59:00,"44.0059,-73.4847",low
2024-06-22 16:10:00,2024-06-22 16:07:00,"45.7272,-73.0161",low
2024-06-22 16:10:00,2024-06-16 03:55:00,"44.0099,-72.9358",high
2024-06-08 21:29:00,2024-06-08 21:21:00,"45.6780,-72.3529",medium
2024-06-19 14:56:00,2024-06-19 14:54:00,"45.0842,-73.2646",high
2024-06-06 05:55:00,2024-06-06 05:46:00,"45.0719,-72.7559",low
2024-06-06 05:55:00,2024-06-10 15:49:00,"44.2429,-73.2356",low
2024-06-27 07:36:00,2024-06-27 07:26:00,"44.9126,-72.4613",high
2024-06-28 17:02:00,2024-06-28 16:58:00,"45.6883,-73.4419",medium
2024-06-09 17:51:00,2024-06-09 17:46:00,"44.2811,-73.5860",medium
2024-06-09 17:51:00,2024-06-28 13:32:00,"44.4097,-73.8276",high
2024-06-06 10:33:00,2024-06-06 10:27:00,"45.5845,-73.2418",low
2024-06-20 21:00:00,2024-06-20 20:54:00,"45.5515,-73.6340",high
2024-06-17 09:41:00,2024-06-17 09:37:00,"44.8243,-73.9472",high
2024-06-17 09:41:00,2024-06-09 18:39:00,"45.0917,-73.2401",high
2024-06-04 23:15:00,2024-06-04 23:13:00,"45.4069,-73.3604",medium
2024-07-01 15:30:00,2024-07-01 15:21:00,"44.5810,-72.5434",high
2024-06-26 16:26:00,2024-06-26 16:25:00,"45.6626,-73.5334",medium
2024-06-26 16:26:00,2024-06-28 03:09:00,"45.3532,-72.8591",medium
2024-06-22 11:45:00,2024-06-22 11:43:00,"44.5788,-72.3018",medium
2024-06-17 15:40:00,2024-06-17 15:31:00,"45.8116,-73.3986",medium
2024-06-03 10:33:00,2024-06-03 10:30:00,"45.5839,-72.4859",medium
2024-06-03 10:33:00,2024-06-06 10:15:00,"44.0377,-73.8754",high
2024-06-22 03:07:00,2024-06-22 02:59:00,"44.2351,-72.6150",high
2024-07-01 16:49:00,2024-07-01 16:42:00,"45.9152,-72.0325",medium
2024-06-30 11:03:00,2024-06-30 11:01:00,"45.6882,-72.5658",medium
2024-06-30 11:03:00,2024-06-23 12:54:00,"45.2285,-72.9639",low
2024-06-04 12:47:00,2024-06-04 12:41:00,"44.9674,-72.5623",low
2024-06-03 15:09:00,2024-06-03 15:01:00,"44.4781,-72.5393",medium
2024-06-28 07:33:00,2024-06-28 07:24:00,"45.8437,-72.3300",medium
2024-06-28 07:33:00,2024-06-23 06:30:00,"44.5231,-72.8283",medium
2024-06-24 14:45:00,2024-06-24 14:37:00,"45.4776,-72.8411",high
2024-06-24 22:49:00,2024-06-24 22:42:00,"45.9509,-72.6667",low
2024-06-02 06:32:00,2024-06-02 06:28:00,"45.2007,-72.3991",high
2024-06-02 06:32:00,2024-06-27 10:51:00,"45.2745,-73.2395",low
2024-06-22 04:52:00,2024-06-22 04:50:00,"45.3622,-72.7346",low
2024-06-21 04:49:00,2024-06-21 04:40:00,"44.8525,-72.7790",low
2024-06-03 04:21:00,2024-06-03 04:20:00,"45.5045,-73.4366",medium
2024-06-03 04:21:00,2024-06-09 19:04:00,"45.7775,-72.7613",low
2024-06-10 19:09:00,2024-06-10 19:00:00,"44.3642,-73.7887",low
2024-06-26 18:47:00,2024-06-26 18:45:00,"44.7623,-73.2781",low
2024-07-01 19:17:00,2024-07-01 19:13:00,"44.1732,-73.5439",high
2024-07-01 19:17:00,2024-06-12 14:17:00,"44.7480,-73.3593",low
2024-06-05 20:24:00,2024-06-05 20:15:00,"44.3729,-72.8170",medium
2024-06-14 20:08:00,2024-06-14 19:59:00,"44.5104,-73.9469",medium
2024-06-13 22:03:00,2024-06-13 22:02:00,"44.7648,-72.0428",high
2024-06-13 22:03:00,2024-06-15 06:27:00,"44.1569,-72.3769",medium
2024-06-29 05:25:00,2024-06-29 05:20:00,"45.9954,-72.0852",medium
2024-06-02 16:00:00,2024-06-02 15:52:00,"44.6541,-72.3613",low
2024-06-22 14:01:00,2024-06-22 13:51:00,"45.6365,-72.3032",medium
2024-06-22 14:01:00,2024-06-20 03:38:00,"44.4275,-73.4567",high
2024-06-12 20:15:00,2024-06-12 20:05:00,"44.7755,-73.8548",low
2024-06-19 08:57:00,2024-06-19 08:49:00,"45.8410,-73.6378",low
2024-06-21 21:45:00,2024-06-21 21:36:00,"44.3405,-73.4165",low
2024-06-21 21:45:00,2024-06-25 14:16:00,"44.2359,-72.0532",high
2024-06-12 12:49:00,2024-06-12 12:47:00,"44.7942,-72.7645",low
2024-06-03 13:25:00,2024-06-03 13:21:00,"45.1936,-72.2712",medium
2024-06-03 11:51:00,2024-06-03 11:48:00,"45.6260,-72.7171",medium
2024-06-03 11:51:00,2024-06-24 18:34:00,"45.1861,-73.6190",low
2024-06-13 17:49:00,2024-06-13 17:42:00,"45.7917,-73.9656",high
2024-06-12 03:05:00,2024-06-12 02:59:00,"44.0569,-72.7031",medium
2024-06-20 17:32:00,2024-06-20 17:27:00,"45.1413,-72.2538",low
2024-06-20 17:32:00,2024-06-01 21:54:00,"44.3427,-72.4020",high
2024-06-14 06:21:00,2024-06-14 06:19:00,"45.6685,-73.6136",low
2024-06-27 10:50:00,2024-06-27 10:44:00,"45.2356,-72.3004",high
2024-06-24 19:16:00,2024-06-24 19:11:00,"44.5435,-73.1142",high
2024-06-24 19:16:00,2024-06-01 19:34:00,"44.0991,-72.6555",high
2024-06-21 15:33:00,2024-06-21 15:25:00,"45.3238,-73.2876",high
2024-06-19 05:54:00,2024-06-19 05:44:00,"45.9210,-73.6120",medium
2024-06-10 15:39:00,2024-06-10 15:29:00,"45.5047,-72.2352",medium
2024-06-10 15:39:00,2024-06-17 07:44:00,"45.6717,-73.4247",high
2024-06-28 07:48:00,2024-06-28 07:44:00,"44.3513,-73.7976",medium
2024-06-20 07:19:00,2024-06-20 07:15:00,"44.8698,-72.8271",low
2024-06-20 02:22:00,2024-06-20 02:12:00,"45.7394,-72.2204",low
2024-06-20 02:22:00,2024-06-18 18:49:00,"45.9505,-73.6493",medium
2024-06-10 18:21:00,2024-06-10 18:16:00,"45.3422,-73.1761",high
2024-06-26 03:19:00,2024-06-26 03:11:00,"44.0494,-72.4947",low
2024-06-30 00:21:00,2024-06-30 00:15:00,"44.3153,-73.2966",high
2024-06-30 00:21:00,2024-06-17 12:42:00,"44.3841,-73.0418",low
2024-06-01 23:12:00,2024-06-01 23:09:00,"45.2759,-73.2401",high
2024-06-29 00:55:00,2024-06-29 00:51:00,"45.7790,-73.0186",medium
2024-06-12 07:59:00,2024-06-12 07:54:00,"44.8426,-72.3884",low
2024-06-12 07:59:00,2024-06-07 14:00:00,"45.2748,-73.1627",low
2024-07-01 13:52:00,2024-07-01 13:49:00,"44.2836,-73.0379",high
2024-06-20 10:24:00,2024-06-20 10:14:00,"44.5525,-72.9208",medium
2024-06-07 23:13:00,2024-06-07 23:06:00,"44.1942,-73.0808",high
2024-06-07 23:13:00,2024-06-12 19:20:00,"45.7289,-72.6983",medium
2024-06-06 20:48:00,2024-06-06 20:39:00,"44.7577,-72.4187",medium
2024-06-26 06:35:00,2024-06-26 06:27:00,"45.4930,-73.4054",medium
2024-06-11 02:39:00,2024-06-11 02:29:00,"45.3926,-72.7426",low
2024-06-11 02:39:00,2024-06-30 08:36:00,"44.9763,-72.9517",low
2024-06-05 16:04:00,2024-06-05 16:02:00,"45.9702,-72.1769",medium
2024-06-25 16:18:00,2024-06-25 16:14:00,"44.4492,-73.7259",low
2024-06-03 13:34:00,2024-06-03 13:33:00,"45.4829,-72.5713",medium
2024-06-03 13:34:00,2024-06-08 23:41:00,"44.2348,-73.8773",low
2024-06-08 21:55:00,2024-06-08 21:46:00,"45.2623,-72.5404",high
2024-06-24 13:39:00,2024-06-24 13:29:00,"45.4639,-73.9894",medium
2024-06-19 13:26:00,2024-06-19 13:19:00,"44.7035,-73.8982",high
2024-06-19 13:26:00,2024-06-29 14:24:00,"45.2037,-73.8131",medium
2024-06-03 02:36:00,2024-06-03 02:28:00,"45.4012,-72.8973",high
2024-06-27 19:51:00,2024-06-27 19:50:00,"44.9488,-73.3996",medium
2024-06-04 09:51:00,2024-06-04 09:44:00,"44.7181,-72.6326",medium
2024-06-04 09:51:00,2024-06-19 10:15:00,"45.4035,-73.7670",medium
2024-06-26 15:39:00,2024-06-26 15:37:00,"45.9375,-73.9034",low
2024-06-03 10:05:00,2024-06-03 09:58:00,"44.6836,-73.4685",high
2024-06-24 04:46:00,2024-06-24 04:38:00,"45.5760,-73.6966",high
2024-06-24 04:46:00,2024-06-11 14:46:00,"44.7719,-73.1206",high
2024-07-01 03:42:00,2024-07-01 03:32:00,"44.0563,-73.3648",medium
2024-06-26 19:17:00,2024-06-26 19:11:00,"44.1077,-73.1806",medium
2024-06-06 21:34:00,2024-06-06 21:31:00,"45.3050,-73.3480",low
2024-06-06 21:34:00,2024-06-11 05:31:00,"45.1735,-72.3452",low
2024-06-07 10:20:00,2024-06-07 10:13:00,"44.4900,-73.6298",medium
2024-06-17 02:57:00,2024-06-17 02:47:00,"44.2318,-73.9250",low
2024-06-03 03:19:00,2024-06-03 03:10:00,"45.8825,-73.4796",medium
2024-06-03 03:19:00,2024-06-20 17:09:00,"44.3619,-73.7504",low
2024-06-05 15:29:00,2024-06-05 15:23:00,"44.7978,-72.3175",high
2024-06-19 05:30:00,2024-06-19 05:28:00,"44.6140,-72.1893",medium
2024-06-05 17:26:00,2024-06-05 17:19:00,"44.3493,-73.1652",high
2024-06-05 17:26:00,2024-06-26 04:28:00,"45.1362,-73.3776",low
2024-06-11 21:58:00,2024-06-11 21:53:00,"44.6981,-73.3248",high
2024-06-15 01:58:00,2024-06-15 01:54:00,"44.7510,-73.2771",high
2024-06-04 13:38:00,2024-06-04 13:36:00,"45.7101,-72.6066",high
2024-06-04 13:38:00,2024-06-20 06:55:00,"44.7676,-72.2029",medium
2024-06-10 04:54:00,2024-06-10 04:50:00,"44.3691,-72.7970",medium
2024-06-11 16:13:00,2024-06-11 16:12:00,"45.1603,-73.3345",medium
2024-06-19 03:40:00,2024-06-19 03:37:00,"44.2930,-73.5684",high
2024-06-19 03:40:00,2024-06-28 08:14:00,"45.1065,-73.7353",medium
2024-06-19 05:25:00,2024-06-19 05:23:00,"44.8700,-72.5340",low
2024-06-06 08:29:00,2024-06-06 08:24:00,"45.8368,-72.3287",medium
2024-06-24 20:29:00,2024-06-24 20:28:00,"45.4075,-72.2253",high
2024-06-24 20:29:00,2024-06-17 11:58:00,"45.8076,-73.3395",high
2024-06-02 12:23:00,2024-06-02 12:18:00,"45.0896,-73.1528",high
2024-06-02 09:33:00,2024-06-02 09:31:00,"44.4830,-73.5107",low
2024-06-03 21:35:00,2024-06-03 21:29:00,"45.1757,-72.2493",medium
2024-06-03 21:35:00,2024-06-03 21:34:00,"45.0685,-73.1526",medium
2024-06-05 12:54:00,2024-06-05 12:52:00,"44.9061,-72.7903",medium
2024-06-30 16:10:00,2024-06-30 16:03:00,"45.2645,-72.0919",medium
2024-06-17 11:17:00,2024-06-17 11:13:00,"45.3527,-72.7717",low
2024-06-17 11:17:00,2024-06-01 03:13:00,"44.1476,-72.2542",high
2024-06-22 00:42:00,2024-06-22 00:37:00,"45.6279,-72.9745",high
2024-06-16 03:50:00,2024-06-16 03:45:00,"45.1700,-72.6122",low
2024-06-05 01:01:00,2024-06-05 00:58:00,"45.7107,-73.5905",high
2024-06-05 01:01:00,2024-06-16 17:53:00,"44.7390,-73.9347",high
2024-06-14 00:28:00,2024-06-14 00:18:00,"45.9632,-73.3133",high
2024-06-27 04:12:00,2024-06-27 04:09:00,"44.4567,-73.0852",medium
2024-06-07 00:16:00,2024-06-07 00:10:00,"44.8145,-73.0414",high
2024-06-07 00:16:00,2024-06-28 10:26:00,"45.0555,-73.5005",high
2024-06-27 11:28:00,2024-06-27 11:21:00,"45.2185,-72.2297",low
2024-06-05 07:04:00,2024-06-05 07:02:00,"45.9270,-73.9913",high
2024-06-25 12:43:00,2024-06-25 12:38:00,"45.0144,-73.5976",low
2024-06-25 12:43:00,2024-06-08 11:46:00,"45.7668,-73.8160",medium
2024-06-06 08:01:00,2024-06-06 07:54:00,"45.0048,-73.1552",low
2024-07-01 10:23:00,2024-07-01 10:18:00,"44.9592,-72.5315",high
2024-06-27 04:53:00,2024-06-27 04:43:00,"44.1611,-72.8405",high
2024-06-27 04:53:00,2024-06-24 20:22:00,"45.9562,-72.6510",high
2024-06-05 20:44:00,2024-06-05 20:34:00,"45.8489,-72.8158",medium
2024-06-19 18:36:00,2024-06-19 18:33:00,"45.8455,-73.7754",high
2024-06-26 12:04:00,2024-06-26 11:58:00,"44.3564,-73.7187",medium
2024-06-26 12:04:00,2024-07-01 14:03:00,"45.0896,-72.3958",high
2024-06-21 23:30:00,2024-06-21 23:25:00,"45.5851,-73.1171",high
2024-06-09 04:32:00,2024-06-09 04:23:00,"44.5728,-73.1120",high
2024-06-24 05:36:00,2024-06-24 05:30:00,"44.2183,-73.5053",high
2024-06-24 05:36:00,2024-06-28 13:09:00,"44.7122,-73.8324",high
2024-06-28 15:42:00,2024-06-28 15:41:00,"44.7021,-73.2551",high
2024-06-07 20:44:00,2024-06-07 20:41:00,"45.0231,-73.9358",low
2024-06-30 04:21:00,2024-06-30 04:13:00,"45.5643,-72.2796",high
2024-06-30 04:21:00,2024-06-09 13:06:00,"45.9860,-73.4836",low
2024-06-30 08:01:00,2024-06-30 07:59:00,"44.8655,-72.1203",low
2024-06-21 09:22:00,2024-06-21 09:21:00,"44.1086,-72.4164",low
2024-06-10 12:56:00,2024-06-10 12:48:00,"44.8575,-73.0534",medium
2024-06-10 12:56:00,2024-06-29 18:56:00,"44.0145,-73.9265",high
2024-07-01 17:25:00,2024-07-01 17:22:00,"44.7239,-73.3876",medium
2024-06-19 03:00:00,2024-06-19 02:54:00,"45.0873,-72.3959",medium
2024-06-23 20:32:00,2024-06-23 20:26:00,"44.2851,-73.9102",high
2024-06-23 20:32:00,2024-06-01 09:51:00,"44.0069,-73.2506",high
2024-06-07 15:25:00,2024-06-07 15:16:00,"44.6939,-72.6128",medium
2024-06-04 21:47:00,2024-06-04 21:39:00,"45.6333,-73.4497",low
2024-06-16 05:27:00,2024-06-16 05:23:00,"44.4840,-73.2643",medium
2024-06-16 05:27:00,2024-06-18 23:19:00,"44.7948,-73.5249",low
2024-06-08 16:15:00,2024-06-08 16:07:00,"44.9835,-72.2572",high
2024-06-16 14:07:00,2024-06-16 14:00:00,"44.5416,-73.4018",medium
2024-06-16 03:58:00,2024-06-16 03:57:00,"44.5373,-72.7361",low
2024-06-16 03:58:00,2024-06-16 03:30:00,"44.4556,-72.4331",low
2024-06-21 12:19:00,2024-06-21 12:11:00,"44.1505,-72.0821",low
2024-06-24 00:33:00,2024-06-24 00:27:00,"44.3905,-72.2001",high
2024-06-14 23:14:00,2024-06-14 23:11:00,"44.1205,-73.6811",medium
2024-06-14 23:14:00,2024-06-07 23:03:00,"44.8808,-73.3543",high
2024-06-17 17:57:00,2024-06-17 17:54:00,"44.7033,-73.8877",medium
2024-06-09 07:20:00,2024-06-09 07:18:00,"44.7886,-72.2741",high
2024-06-11 08:48:00,2024-06-11 08:40:00,"44.8141,-73.1590",medium
2024-06-11 08:48:00,2024-06-15 23:23:00,"45.4092,-73.3659",high
2024-06-17 13:05:00,2024-06-17 13:00:00,"44.5555,-72.5620",low
2024-06-04 07:55:00,2024-06-04 07:45:00,"44.3227,-73.8229",high
2024-06-23 23:37:00,2024-06-23 23:36:00,"44.5188,-73.1324",medium
2024-06-23 23:37:00,2024-06-07 05:44:00,"44.6536,-72.5066",low
2024-06-28 14:59:00,2024-06-28 14:52:00,"44.9164,-72.3410",high
2024-06-15 00:32:00,2024-06-15 00:25:00,"44.1384,-73.9734",high
2024-06-13 16:25:00,2024-06-13 16:19:00,"45.6402,-73.0105",low
2024-06-13 16:25:00,2024-06-10 21:10:00,"44.0492,-73.0012",low
2024-06-09 05:35:00,2024-06-09 05:28:00,"44.4643,-73.4178",low
2024-06-25 12:12:00,2024-06-25 12:08:00,"44.4899,-72.3531",high
2024-06-04 15:21:00,2024-06-04 15:17:00,"45.3681,-72.0137",medium
2024-06-04 15:21:00,2024-07-01 18:49:00,"45.1741,-73.4572",high
2024-06-03 06:52:00,2024-06-03 06:44:00,"45.9091,-73.5690",high
2024-06-18 21:59:00,2024-06-18 21:50:00,"45.1253,-73.6104",medium
2024-06-20 12:54:00,2024-06-20 12:49:00,"44.9119,-72.8440",medium
2024-06-20 12:54:00,2024-06-03 00:04:00,"45.3689,-72.9427",medium
2024-06-15 23:45:00,2024-06-15 23:38:00,"45.1889,-72.1858",high
2024-06-18 15:29:00,2024-06-18 15:20:00,"44.6838,-73.3904",medium
2024-06-06 06:28:00,2024-06-06 06:20:00,"45.8209,-73.8510",medium
2024-06-06 06:28:00,2024-06-11 15:26:00,"45.2137,-72.2285",medium
2024-06-21 11:39:00,2024-06-21 11:34:00,"45.6140,-72.3457",low
2024-06-11 10:37:00,2024-06-11 10:34:00,"44.0470,-72.3186",low
2024-06-21 22:50:00,2024-06-21 22:43:00,"45.8398,-72.0721",high
2024-06-21 22:50:00,2024-06-07 15:13:00,"45.9661,-72.1040",low
2024-06-08 00:54:00,2024-06-08 00:44:00,"45.6837,-73.8458",high
2024-07-01 14:57:00,2024-07-01 14:53:00,"45.2222,-73.7851",medium
2024-06-18 04:11:00,2024-06-18 04:08:00,"45.7377,-73.7185",medium
2024-06-18 04:11:00,2024-06-21 09:27:00,"44.8604,-72.2205",low
2024-06-10 13:42:00,2024-06-10 13:38:00,"45.0583,-72.0534",low
2024-06-17 17:57:00,2024-06-17 17:52:00,"45.4668,-72.6986",high
2024-06-26 03:07:00,2024-06-26 02:59:00,"44.4829,-72.6546",high
2024-06-26 03:07:00,2024-06-17 22:28:00,"45.1131,-72.7644",low
2024-06-01 02:12:00,2024-06-01 02:05:00,"44.9090,-72.8302",medium
2024-06-08 04:30:00,2024-06-08 04:28:00,"44.5944,-72.9369",high
2024-06-21 23:04:00,2024-06-21 22:59:00,"45.2716,-73.4958",low
2024-06-21 23:04:00,2024-06-08 16:39:00,"45.9894,-72.8604",high
2024-06-23 22:26:00,2024-06-23 22:24:00,"45.3758,-73.0118",high
2024-06-26 03:14:00,2024-06-26 03:06:00,"45.5215,-72.7937",low
2024-07-01 02:56:00,2024-07-01 02:49:00,"45.7812,-72.3580",low
2024-07-01 02:56:00,2024-06-04 06:15:00,"44.1274,-73.6333",low
2024-06-08 09:53:00,2024-06-08 09:48:00,"44.8568,-73.1898",low
2024-06-11 09:50:00,2024-06-11 09:44:00,"45.3417,-72.6671",high
2024-06-28 03:56:00,2024-06-28 03:53:00,"44.6205,-72.7456",low
2024-06-28 03:56:00,2024-06-12 02:05:00,"45.1688,-73.5933",medium
2024-06-04 22:24:00,2024-06-04 22:23:00,"44.3867,-72.4777",high
2024-06-30 20:16:00,2024-06-30 20:12:00,"44.8051,-72.5586",low
2024-06-22 09:44:00,2024-06-22 09:42:00,"44.8140,-72.5902",high
2024-06-22 09:44:00,2024-06-22 00:30:00,"45.5510,-73.7595",low
2024-06-22 18:20:00,2024-06-22 18:16:00,"44.7803,-73.9929",high
2024-06-06 06:36:00,2024-06-06 06:30:00,"44.4275,-72.9745",medium
2024-06-19 22:59:00,2024-06-19 22:58:00,"44.2482,-72.8319",medium
2024-06-19 22:59:00,2024-06-12 20:14:00,"44.4364,-73.6984",medium
2024-06-07 01:07:00,2024-06-07 01:02:00,"44.2182,-72.1454",low
2024-06-11 21:15:00,2024-06-11 21:07:00,"45.0897,-72.9206",high
2024-06-28 10:27:00,2024-06-28 10:18:00,"45.9398,-72.5866",medium
2024-06-28 10:27:00,2024-06-23 10:41:00,"44.5640,-72.1342",medium
2024-07-01 14:24:00,2024-07-01 14:19:00,"44.3555,-72.9623",low
2024-06-15 16:33:00,2024-06-15 16:29:00,"44.4134,-73.9745",medium
2024-06-28 14:29:00,2024-06-28 14:28:00,"44.8335,-73.6208",low
2024-06-28 14:29:00,2024-06-24 23:41:00,"45.7454,-73.8469",high
2024-06-19 22:35:00,2024-06-19 22:28:00,"45.6975,-73.5321",medium
2024-06-29 13:14:00,2024-06-29 13:10:00,"44.9772,-72.7643",low
2024-06-11 14:19:00,2024-06-11 14:17:00,"45.0196,-72.4950",low
2024-06-11 14:19:00,2024-06-24 13:21:00,"44.3726,-73.0423",medium
2024-06-25 13:53:00,2024-06-25 13:52:00,"45.2367,-72.9364",low
2024-06-09 12:01:00,2024-06-09 11:54:00,"44.1651,-72.6818",high
2024-06-26 21:14:00,2024-06-26 21:10:00,"44.8061,-72.4816",medium
2024-06-26 21:14:00,2024-06-19 00:40:00,"44.4555,-72.9760",low
2024-06-20 13:51:00,2024-06-20 13:50:00,"45.6715,-73.4152",low
2024-06-01 19:04:00,2024-06-01 19:01:00,"45.1991,-73.7886",high
2024-06-24 20:10:00,2024-06-24 20:07:00,"44.3863,-73.4977",medium
2024-06-24 20:10:00,2024-06-11 23:54:00,"45.2473,-72.8174",medium
2024-06-06 11:10:00,2024-06-06 11:08:00,"44.1425,-72.6640",high
2024-06-19 20:26:00,2024-06-19 20:23:00,"45.4582,-72.7151",low
2024-06-16 05:47:00,2024-06-16 05:41:00,"45.3991,-73.8846",high
2024-06-16 05:47:00,2024-07-01 11:48:00,"45.6689,-73.7470",medium
2024-06-24 10:22:00,2024-06-24 10:21:00,"45.2793,-72.5397",low
2024-06-10 21:06:00,2024-06-10 21:03:00,"45.0402,-73.0624",medium
2024-06-25 17:29:00,2024-06-25 17:26:00,"45.8415,-73.9317",low
2024-06-25 17:29:00,2024-06-07 04:04:00,"45.9090,-72.5673",high
2024-06-29 10:05:00,2024-06-29 09:56:00,"45.1317,-73.0608",low
2024-06-20 19:26:00,2024-06-20 19:18:00,"44.4771,-73.4028",medium
2024-06-12 21:16:00,2024-06-12 21:08:00,"45.5480,-73.3772",low
2024-06-12 21:16:00,2024-06-02 22:20:00,"44.3124,-72.8326",low
2024-06-12 01:27:00,2024-06-12 01:25:00,"44.2575,-73.9049",low
2024-06-05 06:55:00,2024-06-05 06:54:00,"45.0969,-72.7651",medium
2024-06-12 21:05:00,2024-06-12 21:03:00,"44.7415,-72.8183",medium
2024-06-12 21:05:00,2024-06-11 02:37:00,"45.1720,-72.6370",medium
2024-06-08 15:37:00,2024-06-08 15:32:00,"44.9938,-72.7723",medium
2024-06-28 17:03:00,2024-06-28 17:01:00,"45.1161,-72.2679",low
2024-06-23 12:46:00,2024-06-23 12:44:00,"45.0215,-73.3654",low
2024-06-23 12:46:00,2024-06-15 08:39:00,"45.7836,-72.0868",medium
2024-06-01 02:17:00,2024-06-01 02:12:00,"45.0680,-72.8094",high
2024-06-20 07:23:00,2024-06-20 07:18:00,"44.4671,-72.9459",high
2024-06-15 08:23:00,2024-06-15 08:21:00,"45.5288,-72.0793",high
2024-06-15 08:23:00,2024-06-28 23:39:00,"45.3874,-73.1693",medium
2024-06-12 05:08:00,2024-06-12 05:06:00,"44.3674,-73.3952",low
2024-06-25 23:48:00,2024-06-25 23:46:00,"44.3141,-73.9405",low
2024-06-14 10:53:00,2024-06-14 10:51:00,"44.6418,-72.2242",low
2024-06-14 10:53:00,2024-06-15 18:43:00,"45.9957,-72.8851",high
2024-06-28 11:31:00,2024-06-28 11:30:00,"45.7235,-72.9798",low
2024-06-08 20:02:00,2024-06-08 20:00:00,"44.8988,-72.6525",medium
2024-06-03 13:11:00,2024-06-03 13:01:00,"44.9784,-72.4452",high
2024-06-03 13:11:00,2024-06-27 10:31:00,"45.6128,-73.0345",low
2024-06-14 09:23:00,2024-06-14 09:13:00,"45.3755,-73.5881",low
2024-06-11 22:56:00,2024-06-11 22:53:00,"44.8104,-73.1094",low
2024-06-14 13:46:00,2024-06-14 13:39:00,"44.3682,-72.6182",medium
2024-06-14 13:46:00,2024-06-03 22:08:00,"44.8112,-73.3260",low
2024-07-01 15:58:00,2024-07-01 15:52:00,"44.9755,-72.4075",high
2024-06-20 03:31:00,2024-06-20 03:23:00,"44.2249,-73.2117",low
2024-06-14 21:39:00,2024-06-14 21:36:00,"45.4552,-72.2159",low
2024-06-14 21:39:00,2024-06-05 19:49:00,"44.5987,-73.2625",low
2024-06-09 06:38:00,2024-06-09 06:37:00,"45.8565,-73.9076",low
2024-06-26 12:29:00,2024-06-26 12:24:00,"44.5979,-73.3042",low
2024-06-16 21:41:00,2024-06-16 21:34:00,"45.6297,-72.1046",high
2024-06-16 21:41:00,2024-06-06 15:47:00,"44.6804,-73.2093",medium
2024-06-12 15:28:00,2024-06-12 15:18:00,"45.3277,-72.3729",high
2024-06-14 09:10:00,2024-06-14 09:09:00,"44.9979,-73.0501",medium
2024-06-02 23:32:00,2024-06-02 23:28:00,"44.2631,-73.3451",high
2024-06-02 23:32:00,2024-06-29 07:19:00,"44.3534,-73.6511",low
2024-06-12 21:30:00,2024-06-12 21:23:00,"45.1758,-72.6863",high
2024-06-27 19:07:00,2024-06-27 19:01:00,"44.8798,-72.5176",medium
2024-07-01 00:19:00,2024-07-01 00:17:00,"44.2350,-72.0292",low
2024-07-01 00:19:00,2024-06-14 14:01:00,"45.4209,-73.8676",high
2024-06-11 12:37:00,2024-06-11 12:27:00,"44.8619,-73.6496",low
2024-06-08 12:58:00,2024-06-08 12:56:00,"45.8485,-72.8256",high
2024-06-04 18:01:00,2024-06-04 17:52:00,"44.2146,-73.3042",low
2024-06-04 18:01:00,2024-06-04 00:48:00,"44.0555,-73.7022",medium
2024-06-21 05:12:00,2024-06-21 05:05:00,"45.3156,-72.9674",low
2024-06-14 14:49:00,2024-06-14 14:43:00,"45.4135,-73.0305",medium
2024-06-19 04:47:00,2024-06-19 04:41:00,"44.9074,-73.9379",medium
2024-06-19 04:47:00,2024-07-01 03:31:00,"44.4568,-73.1755",low
2024-06-11 07:51:00,2024-06-11 07:46:00,"45.8086,-72.1944",medium
2024-06-02 11:34:00,2024-06-02 11:29:00,"45.2702,-73.3878",high
2024-06-28 23:13:00,2024-06-28 23:07:00,"44.2493,-72.7924",low
2024-06-28 23:13:00,2024-06-26 00:03:00,"44.9976,-72.3999",low
2024-06-04 15:06:00,2024-06-04 15:01:00,"45.6434,-72.4001",high
2024-06-05 05:38:00,2024-06-05 05:37:00,"44.1957,-73.2635",low
2024-06-12 06:47:00,2024-06-12 06:39:00,"44.2132,-72.6511",medium
2024-06-12 06:47:00,2024-06-19 03:25:00,"45.5996,-73.6120",medium
2024-06-08 02:14:00,2024-06-08 02:04:00,"44.0703,-72.5255",medium
2024-06-22 17:29:00,2024-06-22 17:19:00,"44.1205,-73.9962",low
2024-06-29 06:24:00,2024-06-29 06:15:00,"45.3663,-72.9802",low
2024-06-29 06:24:00,2024-06-18 21:48:00,"44.4839,-73.5404",high
2024-06-10 12:01:00,2024-06-10 11:57:00,"45.1036,-73.2918",low
2024-07-01 07:01:00,2024-07-01 06:58:00,"44.6174,-72.7298",high
2024-06-11 03:51:00,2024-06-11 03:42:00,"44.7112,-73.4426",high
2024-06-11 03:51:00,2024-06-09 04:08:00,"45.6481,-72.8832",low
2024-06-05 12:25:00,2024-06-05 12:16:00,"45.5459,-73.7487",high
2024-06-14 06:21:00,2024-06-14 06:16:00,"44.9036,-73.5719",medium
2024-06-12 09:29:00,2024-06-12 09:28:00,"44.7852,-73.2837",low
2024-06-12 09:29:00,2024-06-03 04:24:00,"45.8511,-73.9761",medium
2024-06-15 11:37:00,2024-06-15 11:36:00,"45.2402,-73.8653",high
2024-06-06 22:29:00,2024-06-06 22:24:00,"45.7350,-72.5096",low
2024-06-05 22:21:00,2024-06-05 22:16:00,"45.0409,-73.2589",medium
2024-06-05 22:21:00,2024-06-27 19:11:00,"44.1082,-72.9759",low
2024-06-27 13:20:00,2024-06-27 13:17:00,"45.0942,-73.0073",low
2024-06-13 05:37:00,2024-06-13 05:29:00,"44.8182,-73.4659",medium
2024-06-11 08:31:00,2024-06-11 08:26:00,"44.7363,-73.5888",medium
2024-06-11 08:31:00,2024-06-27 10:40:00,"45.7760,-73.7130",low
2024-06-26 14:39:00,2024-06-26 14:31:00,"44.3535,-73.3118",low
2024-06-06 18:43:00,2024-06-06 18:35:00,"45.9101,-72.0951",high
2024-06-27 20:41:00,2024-06-27 20:39:00,"45.0614,-73.0178",high
2024-06-27 20:41:00,2024-06-29 04:41:00,"45.0407,-72.8871",medium
2024-06-02 21:39:00,2024-06-02 21:31:00,"45.0819,-73.1504",high
2024-06-09 07:16:00,2024-06-09 07:06:00,"45.6569,-72.5316",high
2024-06-06 06:33:00,2024-06-06 06:29:00,"45.1771,-72.9816",low
2024-06-06 06:33:00,2024-07-01 01:59:00,"45.2856,-72.1537",low
2024-06-22 14:00:00,2024-06-22 13:53:00,"44.3847,-73.7282",low
2024-06-09 07:38:00,2024-06-09 07:30:00,"44.3106,-73.8694",low
2024-06-21 02:34:00,2024-06-21 02:25:00,"44.4254,-73.5207",high
2024-06-21 02:34:00,2024-06-17 23:12:00,"45.1643,-72.2643",medium
2024-06-19 15:48:00,2024-06-19 15:44:00,"45.8999,-73.7048",high
2024-06-02 23:45:00,2024-06-02 23:39:00,"44.5531,-73.6650",high
2024-06-09 19:09:00,2024-06-09 19:04:00,"45.1277,-72.5012",medium
2024-06-09 19:09:00,2024-06-20 11:28:00,"45.3557,-72.0196",high
2024-06-13 01:16:00,2024-06-13 01:12:00,"45.0547,-73.9385",high
2024-06-03 17:55:00,2024-06-03 17:54:00,"45.9160,-72.6049",low
2024-06-20 11:56:00,2024-06-20 11:51:00,"44.8102,-73.9267",low
2024-06-20 11:56:00,2024-06-17 21:43:00,"45.8531,-72.4885",low
2024-06-12 20:40:00,2024-06-12 20:32:00,"44.6221,-72.4631",low
2024-07-01 09:40:00,2024-07-01 09:37:00,"45.8522,-73.8921",high
2024-06-02 13:31:00,2024-06-02 13:24:00,"45.0121,-73.8897",high
2024-06-02 13:31:00,2024-06-23 15:39:00,"45.4320,-73.9000",medium
2024-06-15 08:26:00,2024-06-15 08:19:00,"44.7177,-73.6574",medium
2024-06-06 13:42:00,2024-06-06 13:37:00,"45.2847,-72.3304",medium
2024-06-13 03:56:00,2024-06-13 03:46:00,"45.4246,-73.7118",high
2024-06-13 03:56:00,2024-06-06 12:23:00,"44.9904,-72.6640",high
2024-06-20 00:23:00,2024-06-20 00:17:00,"45.4952,-72.5955",low
2024-06-29 21:22:00,2024-06-29 21:18:00,"44.4446,-73.6285",medium
2024-06-20 10:53:00,2024-06-20 10:44:00,"45.5414,-72.9231",high
2024-06-20 10:53:00,2024-06-21 11:44:00,"44.5243,-72.1236",medium
2024-06-26 14:55:00,2024-06-26 14:52:00,"45.4954,-73.4623",medium
2024-06-02 11:15:00,2024-06-02 11:13:00,"44.6054,-73.0004",medium
2024-06-15 19:22:00,2024-06-15 19:17:00,"45.9170,-72.1355",high
2024-06-15 19:22:00,2024-06-24 15:30:00,"44.9782,-72.9121",low
2024-06-11 21:25:00,2024-06-11 21:22:00,"44.2779,-73.9938",high
2024-06-15 20:39:00,2024-06-15 20:37:00,"45.8018,-72.2752",low
2024-06-25 16:15:00,2024-06-25 16:05:00,"44.8330,-72.8435",medium
2024-06-25 16:15:00,2024-06-09 23:14:00,"44.5944,-72.2107",low
2024-06-09 01:43:00,2024-06-09 01:40:00,"44.0990,-73.7130",high
2024-06-28 13:00:00,2024-06-28 12:59:00,"44.1262,-73.7734",medium
2024-06-15 03:25:00,2024-06-15 03:17:00,"45.8403,-73.8548",high
2024-06-15 03:25:00,2024-06-01 14:06:00,"45.4090,-72.5118",low
2024-06-26 12:32:00,2024-06-26 12:30:00,"45.3445,-72.1704",high
2024-06-22 18:26:00,2024-06-22 18:25:00,"44.6639,-72.2321",low
2024-06-15 06:14:00,2024-06-15 06:06:00,"45.4538,-72.1229",high
2024-06-15 06:14:00,2024-06-22 18:28:00,"45.7554,-73.1047",medium
2024-06-25 19:19:00,2024-06-25 19:17:00,"45.9220,-72.7093",medium
2024-06-21 12:17:00,2024-06-21 12:15:00,"44.0528,-73.9741",low
2024-06-23 08:38:00,2024-06-23 08:34:00,"44.7315,-73.7924",high
2024-06-23 08:38:00,2024-06-15 05:04:00,"44.9208,-73.2718",medium
2024-06-20 03:18:00,2024-06-20 03:15:00,"44.2104,-72.4795",medium
2024-06-02 17:10:00,2024-06-02 17:03:00,"45.9153,-73.4956",medium
2024-06-22 16:55:00,2024-06-22 16:52:00,"44.5856,-73.9356",high
2024-06-22 16:55:00,2024-06-24 23:14:00,"45.9295,-73.6884",high
2024-06-30 15:54:00,2024-06-30 15:48:00,"45.5263,-73.0410",medium
2024-06-11 16:50:00,2024-06-11 16:47:00,"45.3997,-72.0996",high
2024-06-01 20:54:00,2024-06-01 20:46:00,"44.1364,-72.7619",high
2024-06-01 20:54:00,2024-06-13 15:07:00,"44.8343,-73.0768",medium
2024-06-03 01:00:00,2024-06-03 00:50:00,"44.4070,-72.7805",low
2024-06-20 21:00:00,2024-06-20 20:53:00,"45.7294,-72.9997",high
2024-06-11 03:04:00,2024-06-11 03:02:00,"44.5446,-72.3950",low
2024-06-11 03:04:00,2024-06-24 06:17:00,"44.8353,-72.3494",medium
2024-06-23 00:23:00,2024-06-23 00:21:00,"45.7033,-72.0437",high
2024-06-04 08:54:00,2024-06-04 08:46:00,"45.3461,-73.6259",high
2024-06-21 03:41:00,2024-06-21 03:32:00,"44.9642,-72.9272",low
2024-06-21 03:41:00,2024-06-21 14:38:00,"44.3496,-72.4028",medium
2024-06-08 19:14:00,2024-06-08 19:08:00,"44.1736,-73.0370",medium
2024-06-05 06:16:00,2024-06-05 06:15:00,"44.6565,-72.2263",medium
2024-06-06 15:37:00,2024-06-06 15:29:00,"44.4959,-72.1186",low
2024-06-06 15:37:00,2024-06-06 15:57:00,"44.8992,-72.5088",high
2024-06-12 05:14:00,2024-06-12 05:04:00,"45.3382,-72.0840",high
2024-06-21 21:48:00,2024-06-21 21:45:00,"44.9211,-72.9354",high
2024-06-28 16:57:00,2024-06-28 16:54:00,"45.5767,-72.2586",medium
2024-06-28 16:57:00,2024-06-07 09:25:00,"45.6564,-72.9056",low
2024-06-17 00:04:00,2024-06-17 00:03:00,"44.1986,-72.0867",medium
2024-06-14 15:50:00,2024-06-14 15:45:00,"44.0583,-73.6567",medium
2024-06-04 15:51:00,2024-06-04 15:45:00,"44.1212,-72.9581",low
2024-06-04 15:51:00,2024-06-02 21:47:00,"45.2566,-73.9661",medium
2024-06-25 20:05:00,2024-06-25 20:03:00,"45.3475,-73.5262",high
2024-06-28 15:53:00,2024-06-28 15:47:00,"45.7972,-72.0575",high
2024-06-04 05:36:00,2024-06-04 05:31:00,"44.9965,-73.2836",medium
2024-06-04 05:36:00,2024-06-16 05:49:00,"45.0679,-72.4000",medium
2024-06-23 13:31:00,2024-06-23 13:28:00,"44.9868,-73.7845",medium
2024-06-14 20:59:00,2024-06-14 20:56:00,"44.9302,-73.1067",low
2024-06-12 11:03:00,2024-06-12 10:57:00,"44.5858,-73.2882",low
2024-06-12 11:03:00,2024-06-24 16:53:00,"45.3192,-73.5310",medium
2024-06-24 14:28:00,2024-06-24 14:27:00,"44.4874,-73.2776",low
2024-06-17 07:44:00,2024-06-17 07:41:00,"44.7125,-72.9833",medium
2024-06-10 04:28:00,2024-06-10 04:19:00,"44.7236,-73.9240",medium
2024-06-10 04:28:00,2024-06-11 04:12:00,"45.8167,-73.7951",low
2024-06-17 06:43:00,2024-06-17 06:38:00,"45.9494,-73.7245",medium
2024-06-10 02:31:00,2024-06-10 02:21:00,"45.8427,-72.0292",medium
2024-06-01 13:27:00,2024-06-01 13:17:00,"44.7921,-73.1473",low
2024-06-01 13:27:00,2024-06-03 11:35:00,"45.6570,-73.4735",low
2024-06-27 08:21:00,2024-06-27 08:17:00,"45.7409,-72.1974",high
2024-06-24 12:42:00,2024-06-24 12:40:00,"45.7282,-73.1274",medium
2024-06-20 09:47:00,2024-06-20 09:40:00,"44.8747,-73.9959",medium
2024-06-20 09:47:00,2024-06-21 03:18:00,"45.1949,-73.2510",high
2024-06-19 23:29:00,2024-06-19 23:21:00,"45.4992,-73.5640",high
2024-06-04 08:47:00,2024-06-04 08:39:00,"45.6308,-73.5389",medium
2024-06-28 22:45:00,2024-06-28 22:37:00,"45.3159,-73.6855",high
2024-06-28 22:45:00,2024-07-01 17:01:00,"45.6665,-73.0445",high
2024-06-11 18:27:00,2024-06-11 18:24:00,"44.3844,-73.0899",medium
2024-06-23 11:12:00,2024-06-23 11:08:00,"45.5841,-72.6228",high
2024-06-08 14:14:00,2024-06-08 14:08:00,"45.4069,-73.5936",high
2024-06-08 14:14:00,2024-06-13 20:39:00,"44.0655,-72.1991",high
2024-06-07 00:08:00,2024-06-07 00:02:00,"45.4436,-73.3350",high
2024-06-17 20:34:00,2024-06-17 20:27:00,"45.7450,-72.8965",medium
2024-06-27 00:24:00,2024-06-27 00:18:00,"44.3443,-72.1964",low
2024-06-27 00:24:00,2024-06-30 17:57:00,"45.3674,-72.6489",high
2024-06-29 14:14:00,2024-06-29 14:11:00,"45.2427,-72.1831",medium
2024-06-06 20:30:00,2024-06-06 20:24:00,"45.2322,-72.6282",low
2024-06-05 17:11:00,2024-06-05 17:06:00,"45.2444,-72.8371",low
2024-06-05 17:11:00,2024-06-22 14:17:00,"45.0022,-73.4537",high
2024-06-26 05:15:00,2024-06-26 05:09:00,"44.2424,-73.3133",high
2024-06-13 20:02:00,2024-06-13 19:58:00,"44.8675,-72.5061",high
2024-06-21 03:51:00,2024-06-21 03:45:00,"45.2971,-72.7638",high
2024-06-21 03:51:00,2024-06-25 07:08:00,"45.4254,-72.9939",medium
2024-06-26 04:47:00,2024-06-26 04:41:00,"45.7931,-72.2491",low
2024-06-19 06:03:00,2024-06-19 05:56:00,"45.2037,-73.8123",high
2024-06-29 19:23:00,2024-06-29 19:14:00,"45.3198,-72.8356",high
2024-06-29 19:23:00,2024-06-21 06:34:00,"44.0676,-73.3261",medium
2024-06-29 10:23:00,2024-06-29 10:14:00,"45.3927,-73.4095",medium
2024-06-08 04:28:00,2024-06-08 04:18:00,"45.4743,-73.1487",low
2024-06-14 09:53:00,2024-06-14 09:49:00,"44.1898,-72.3742",high
2024-06-14 09:53:00,2024-06-04 20:24:00,"44.0119,-72.5075",medium
2024-06-08 07:39:00,2024-06-08 07:29:00,"45.0390,-72.2619",low
2024-06-24 23:49:00,2024-06-24 23:48:00,"45.6641,-72.8122",high
2024-06-07 17:57:00,2024-06-07 17:56:00,"45.0708,-73.1318",medium
2024-06-07 17:57:00,2024-06-21 18:28:00,"44.8007,-72.1410",medium
2024-06-12 01:14:00,2024-06-12 01:07:00,"44.2118,-72.2649",medium
2024-06-14 12:50:00,2024-06-14 12:40:00,"45.7215,-73.7007",low
2024-06-14 16:13:00,2024-06-14 16:08:00,"45.3961,-72.2540",high
2024-06-14 16:13:00,2024-06-07 20:38:00,"45.5648,-73.8624",low
2024-06-29 06:36:00,2024-06-29 06:30:00,"45.3106,-73.0323",medium
2024-06-11 15:49:00,2024-06-11 15:48:00,"45.6519,-72.9362",high
2024-06-29 22:11:00,2024-06-29 22:05:00,"44.2330,-73.5838",low
2024-06-29 22:11:00,2024-06-18 15:03:00,"45.9188,-72.4307",medium
2024-06-01 06:54:00,2024-06-01 06:50:00,"45.7771,-73.1471",high
2024-06-16 04:12:00,2024-06-16 04:09:00,"45.4342,-73.4226",low
2024-06-24 12:13:00,2024-06-24 12:03:00,"45.2707,-72.7401",low
2024-06-24 12:13:00,2024-06-05 07:51:00,"44.1394,-73.5987",medium
2024-06-26 19:32:00,2024-06-26 19:29:00,"45.8987,-72.5029",high
2024-06-11 07:44:00,2024-06-11 07:40:00,"45.1834,-73.2738",low
2024-07-01 19:50:00,2024-07-01 19:46:00,"45.3060,-72.1390",high
2024-07-01 19:50:00,2024-06-27 07:14:00,"44.2994,-72.0631",high
2024-06-07 01:34:00,2024-06-07 01:30:00,"44.7919,-73.3258",low
2024-06-06 21:00:00,2024-06-06 20:51:00,"45.1823,-73.0687",low
2024-06-16 19:48:00,2024-06-16 19:42:00,"45.4503,-73.6750",medium
2024-06-16 19:48:00,2024-06-17 14:33:00,"44.2291,-72.8724",medium
2024-06-14 14:43:00,2024-06-14 14:42:00,"44.3956,-72.6104",medium
2024-06-24 07:51:00,2024-06-24 07:46:00,"44.4142,-72.0028",high
2024-06-22 13:33:00,2024-06-22 13:26:00,"45.7793,-72.5026",medium
2024-06-22 13:33:00,2024-06-04 02:14:00,"45.0278,-72.1989",high
2024-06-26 21:05:00,2024-06-26 21:01:00,"45.8459,-73.9596",low
2024-06-05 03:54:00,2024-06-05 03:47:00,"44.9434,-72.6053",low
2024-06-10 19:40:00,2024-06-10 19:30:00,"45.7004,-72.8193",high
2024-06-10 19:40:00,2024-06-28 12:44:00,"44.5923,-73.4790",low
2024-06-07 11:50:00,2024-06-07 11:40:00,"45.8172,-73.9120",medium
2024-06-25 15:12:00,2024-06-25 15:08:00,"45.4815,-72.8361",low
2024-06-09 19:55:00,2024-06-09 19:48:00,"44.7203,-72.2612",high
2024-06-09 19:55:00,2024-06-06 13:33:00,"44.0923,-73.1997",medium
2024-06-04 05:44:00,2024-06-04 05:41:00,"45.8328,-72.7884",high
2024-06-04 01:51:00,2024-06-04 01:46:00,"44.9096,-73.3133",low
2024-06-04 14:14:00,2024-06-04 14:06:00,"45.7502,-72.5287",medium
2024-06-04 14:14:00,2024-06-29 17:43:00,"45.3065,-73.9118",high
2024-06-13 16:12:00,2024-06-13 16:07:00,"44.4407,-72.3804",high
2024-06-22 10:56:00,2024-06-22 10:52:00,"44.1173,-72.8682",high
2024-06-20 22:06:00,2024-06-20 21:58:00,"45.9933,-72.4674",high
2024-06-20 22:06:00,2024-06-06 19:21:00,"45.1523,-73.6899",high
2024-06-27 08:16:00,2024-06-27 08:15:00,"45.8484,-72.0716",high
2024-06-06 16:55:00,2024-06-06 16:45:00,"45.7826,-73.1632",medium
2024-06-11 21:43:00,2024-06-11 21:40:00,"45.8583,-72.9118",low
2024-06-11 21:43:00,2024-06-07 06:25:00,"45.5772,-73.7586",low
2024-06-24 05:23:00,2024-06-24 05:15:00,"45.9780,-72.8313",medium
2024-06-06 11:01:00,2024-06-06 10:58:00,"45.2141,-72.6698",medium
2024-06-15 00:53:00,2024-06-15 00:44:00,"45.6021,-72.0916",low
2024-06-15 00:53:00,2024-06-30 20:10:00,"45.9608,-72.7999",high
2024-06-11 19:22:00,2024-06-11 19:13:00,"44.3983,-73.8439",low
2024-06-13 20:14:00,2024-06-13 20:08:00,"44.9241,-72.3574",low
2024-06-11 10:11:00,2024-06-11 10:06:00,"45.8409,-72.2541",high
2024-06-11 10:11:00,2024-06-23 21:05:00,"45.3518,-73.8100",high
2024-06-13 16:29:00,2024-06-13 16:22:00,"45.7772,-73.4413",high
2024-06-03 16:58:00,2024-06-03 16:52:00,"44.3390,-73.8754",medium
2024-06-06 09:39:00,2024-06-06 09:29:00,"44.3305,-72.6163",medium
2024-06-06 09:39:00,2024-06-27 11:42:00,"45.9866,-73.4874",low
2024-06-21 07:16:00,2024-06-21 07:09:00,"45.4263,-73.6621",high
2024-06-04 09:26:00,2024-06-04 09:16:00,"45.6784,-72.7665",low
2024-06-13 21:21:00,2024-06-13 21:13:00,"44.0700,-73.3742",low
2024-06-13 21:21:00,2024-06-25 05:24:00,"45.6056,-72.1668",low
2024-06-02 02:58:00,2024-06-02 02:57:00,"45.6024,-73.7931",high
2024-06-14 13:26:00,2024-06-14 13:19:00,"45.0754,-72.6712",low
2024-06-05 04:56:00,2024-06-05 04:48:00,"44.6518,-72.4578",high
2024-06-05 04:56:00,2024-06-02 04:50:00,"45.0836,-73.7590",medium
2024-06-26 11:44:00,2024-06-26 11:39:00,"44.6685,-73.1907",medium
2024-06-01 19:12:00,2024-06-01 19:07:00,"45.6172,-72.8880",low
2024-06-27 14:37:00,2024-06-27 14:29:00,"45.7022,-72.9952",high
2024-06-27 14:37:00,2024-06-23 23:21:00,"45.5469,-73.9602",medium
2024-06-16 06:50:00,2024-06-16 06:40:00,"44.6168,-72.0629",medium
2024-06-26 02:35:00,2024-06-26 02:30:00,"45.8930,-72.8310",low
2024-06-20 05:26:00,2024-06-20 05:25:00,"44.3340,-72.7356",medium
2024-06-20 05:26:00,2024-06-28 18:58:00,"45.4763,-73.9276",low
2024-06-27 00:02:00,2024-06-27 00:01:00,"45.6180,-73.1931",high
2024-06-27 03:59:00,2024-06-27 03:52:00,"45.5900,-73.4944",high
2024-06-07 01:25:00,2024-06-07 01:18:00,"44.9606,-72.0056",medium
2024-06-07 01:25:00,2024-06-18 19:34:00,"45.7685,-72.8301",low
2024-06-09 00:33:00,2024-06-09 00:24:00,"45.4411,-73.2701",low
2024-06-24 06:26:00,2024-06-24 06:23:00,"45.8487,-72.9790",low
2024-06-14 17:33:00,2024-06-14 17:25:00,"45.3116,-73.7941",high
2024-06-14 17:33:00,2024-06-02 11:20:00,"45.4130,-72.4534",low
2024-06-15 02:03:00,2024-06-15 02:00:00,"44.9149,-73.8384",low
2024-06-29 07:39:00,2024-06-29 07:38:00,"45.6081,-73.1960",high
2024-06-24 06:52:00,2024-06-24 06:51:00,"45.3110,-73.2338",low
2024-06-24 06:52:00,2024-06-30 07:31:00,"45.9602,-72.2833",low
2024-06-26 14:54:00,2024-06-26 14:50:00,"44.4784,-72.6545",low
2024-06-06 01:10:00,2024-06-06 01:09:00,"45.6232,-72.4549",low
2024-06-02 18:20:00,2024-06-02 18:12:00,"44.5338,-73.7855",low
2024-06-02 18:20:00,2024-06-18 00:20:00,"45.2000,-73.6590",low
2024-06-19 01:11:00,2024-06-19 01:01:00,"45.3185,-72.0800",low
2024-06-09 09:37:00,2024-06-09 09:27:00,"45.3801,-73.1453",high
2024-06-12 18:03:00,2024-06-12 18:00:00,"44.8005,-73.8481",high
2024-06-12 18:03:00,2024-06-12 15:03:00,"44.3744,-73.0594",high
2024-06-04 16:44:00,2024-06-04 16:41:00,"45.4120,-72.7625",medium
2024-06-07 05:47:00,2024-06-07 05:37:00,"44.4199,-73.6380",medium
2024-06-30 02:21:00,2024-06-30 02:17:00,"45.5681,-73.8889",high
2024-06-30 02:21:00,2024-07-01 14:18:00,"44.5155,-73.7801",medium
2024-06-26 20:55:00,2024-06-26 20:53:00,"45.1994,-72.9550",medium
2024-06-03 13:11:00,2024-06-03 13:01:00,"44.0453,-72.5109",medium
2024-06-19 12:41:00,2024-06-19 12:35:00,"45.7109,-73.4219",low
2024-06-19 12:41:00,2024-06-26 05:57:00,"45.4667,-72.4844",high
2024-06-30 10:54:00,2024-06-30 10:51:00,"45.6726,-73.6039",low
2024-06-17 00:39:00,2024-06-17 00:32:00,"44.3478,-72.6717",medium
2024-07-01 16:58:00,2024-07-01 16:55:00,"44.0354,-73.1687",high
2024-07-01 16:58:00,2024-06-17 20:07:00,"45.5346,-72.5714",high
2024-06-23 02:52:00,2024-06-23 02:49:00,"45.9216,-73.9916",high
2024-06-21 13:37:00,2024-06-21 13:29:00,"45.4892,-72.5778",low
2024-06-24 02:46:00,2024-06-24 02:41:00,"44.6977,-73.1120",high
2024-06-24 02:46:00,2024-06-21 08:03:00,"44.9160,-72.3292",low
2024-06-08 12:53:00,2024-06-08 12:45:00,"44.8516,-72.2701",low
2024-06-22 06:07:00,2024-06-22 06:02:00,"45.6281,-73.0497",high
2024-06-22 13:48:00,2024-06-22 13:46:00,"44.1461,-73.6194",medium
2024-06-22 13:48:00,2024-06-26 08:31:00,"44.2979,-72.1622",low
2024-06-30 01:51:00,2024-06-30 01:43:00,"44.7339,-72.7860",high
2024-06-03 10:00:00,2024-06-03 09:50:00,"44.3481,-72.4809",high
2024-06-25 18:37:00,2024-06-25 18:33:00,"44.8195,-72.1856",low
2024-06-25 18:37:00,2024-06-23 08:48:00,"45.4146,-73.5181",high
2024-06-04 14:51:00,2024-06-04 14:47:00,"45.6586,-72.8387",low
2024-06-14 06:04:00,2024-06-14 05:54:00,"44.8892,-73.7543",medium
2024-06-21 03:36:00,2024-06-21 03:34:00,"45.7076,-73.7299",low
2024-06-21 03:36:00,2024-06-24 12:55:00,"44.5398,-73.0203",low
2024-06-29 22:11:00,2024-06-29 22:01:00,"44.3503,-72.1144",high
2024-06-08 10:35:00,2024-06-08 10:32:00,"45.2506,-72.9827",high
2024-06-25 03:45:00,2024-06-25 03:41:00,"44.7136,-73.6092",low
2024-06-25 03:45:00,2024-06-10 17:06:00,"45.6156,-73.8106",medium
2024-06-07 18:04:00,2024-06-07 17:56:00,"45.7248,-72.7549",high
2024-06-21 09:44:00,2024-06-21 09:34:00,"44.3654,-72.1773",medium
2024-06-27 01:58:00,2024-06-27 01:50:00,"44.3727,-72.4756",low
2024-06-27 01:58:00,2024-06-26 18:42:00,"45.5569,-72.5128",medium
2024-06-19 22:48:00,2024-06-19 22:39:00,"44.9555,-73.1710",medium
2024-06-26 07:24:00,2024-06-26 07:16:00,"44.8860,-72.5632",medium
2024-06-11 21:05:00,2024-06-11 20:56:00,"44.1335,-72.0292",high
2024-06-11 21:05:00,2024-06-04 16:24:00,"44.4217,-72.7122",low
2024-06-20 23:12:00,2024-06-20 23:06:00,"44.9014,-73.2213",high
2024-06-08 09:07:00,2024-06-08 09:01:00,"44.6884,-73.1581",high
2024-06-09 07:23:00,2024-06-09 07:22:00,"45.4827,-73.5156",medium
2024-06-09 07:23:00,2024-06-06 09:44:00,"44.1083,-72.9665",low
2024-06-15 14:29:00,2024-06-15 14:19:00,"45.4725,-72.8675",low
2024-06-26 01:14:00,2024-06-26 01:08:00,"44.6924,-72.4359",low
2024-07-01 17:19:00,2024-07-01 17:10:00,"45.7108,-72.7513",low
2024-07-01 17:19:00,2024-06-06 21:55:00,"45.7119,-72.4454",high
2024-06-13 17:31:00,2024-06-13 17:27:00,"45.3669,-72.3477",high
2024-06-28 05:14:00,2024-06-28 05:13:00,"45.4700,-72.4045",low
2024-06-18 19:20:00,2024-06-18 19:13:00,"44.3865,-72.9340",low
2024-06-18 19:20:00,2024-06-05 06:10:00,"44.6541,-73.7674",medium
2024-06-16 13:01:00,2024-06-16 12:54:00,"44.6544,-72.9633",medium
2024-06-13 01:38:00,2024-06-13 01:36:00,"45.7611,-72.4855",medium
2024-06-09 09:07:00,2024-06-09 08:57:00,"45.1998,-72.8898",low
2024-06-09 09:07:00,2024-07-01 18:20:00,"45.6928,-72.9524",high
2024-06-17 11:55:00,2024-06-17 11:48:00,"44.2085,-73.4419",high
2024-07-01 11:51:00,2024-07-01 11:43:00,"44.5698,-73.1462",low
2024-06-06 20:26:00,2024-06-06 20:22:00,"44.8141,-73.6056",high
2024-06-06 20:26:00,2024-06-22 22:05:00,"45.1837,-72.6985",low
2024-06-22 12:47:00,2024-06-22 12:37:00,"44.7367,-72.0574",high
2024-06-24 18:04:00,2024-06-24 18:02:00,"44.4805,-72.0757",high
2024-06-27 12:11:00,2024-06-27 12:09:00,"44.5943,-72.7911",high
2024-06-27 12:11:00,2024-06-25 10:19:00,"45.4745,-72.8072",medium
2024-06-10 15:12:00,2024-06-10 15:02:00,"45.9146,-73.5588",medium
2024-06-23 16:30:00,2024-06-23 16:27:00,"44.5164,-72.0253",low
2024-06-02 03:55:00,2024-06-02 03:48:00,"44.1196,-72.1334",medium
2024-06-02 03:55:00,2024-06-27 17:35:00,"44.1165,-72.2347",low
2024-06-23 12:35:00,2024-06-23 12:26:00,"44.5980,-72.1813",low
2024-06-16 12:37:00,2024-06-16 12:28:00,"44.9094,-73.9722",low
2024-06-01 08:36:00,2024-06-01 08:30:00,"44.6650,-73.1630",high
2024-06-01 08:36:00,2024-06-03 17:45:00,"45.1448,-72.5313",high
2024-06-21 21:57:00,2024-06-21 21:52:00,"45.0634,-73.6186",low
2024-06-07 07:27:00,2024-06-07 07:20:00,"44.3805,-72.6293",medium
2024-06-05 18:59:00,2024-06-05 18:55:00,"44.5008,-72.0501",high
2024-06-05 18:59:00,2024-06-18 03:11:00,"45.7901,-73.9204",high
2024-06-09 01:10:00,2024-06-09 01:09:00,"45.8234,-73.0965",medium
2024-06-10 07:38:00,2024-06-10 07:35:00,"45.6664,-72.9574",medium
2024-06-15 09:54:00,2024-06-15 09:48:00,"44.7450,-72.8696",high
2024-06-15 09:54:00,2024-06-09 17:31:00,"44.6012,-72.6778",low
2024-06-29 22:59:00,2024-06-29 22:56:00,"45.9887,-72.5076",high
2024-06-02 23:51:00,2024-06-02 23:47:00,"44.4238,-72.1477",medium
2024-06-17 08:52:00,2024-06-17 08:42:00,"45.6350,-73.7258",high
2024-06-17 08:52:00,2024-06-22 21:16:00,"44.5622,-72.6775",high
2024-06-23 16:18:00,2024-06-23 16:09:00,"44.1968,-72.9216",high
2024-06-15 19:50:00,2024-06-15 19:43:00,"45.5160,-73.8588",high
2024-06-17 14:11:00,2024-06-17 14:04:00,"44.9034,-72.9938",low
2024-06-17 14:11:00,2024-06-26 03:13:00,"45.5787,-73.5081",high
2024-06-02 01:40:00,2024-06-02 01:35:00,"44.3613,-73.9365",low
2024-06-13 01:05:00,2024-06-13 00:57:00,"45.4910,-72.3075",medium
2024-06-15 01:35:00,2024-06-15 01:30:00,"45.1455,-72.8634",high
2024-06-15 01:35:00,2024-06-14 20:56:00,"45.6711,-73.6557",low
2024-06-07 00:56:00,2024-06-07 00:47:00,"45.6959,-73.3619",low
2024-06-21 05:08:00,2024-06-21 05:04:00,"44.2235,-73.4291",low
2024-06-27 21:53:00,2024-06-27 21:48:00,"44.3427,-73.8449",low
2024-06-27 21:53:00,2024-06-06 19:01:00,"44.6180,-72.8955",high
2024-06-13 23:42:00,2024-06-13 23:32:00,"44.2211,-73.0225",low
2024-06-14 19:36:00,2024-06-14 19:26:00,"45.2072,-72.2912",medium
2024-06-16 13:28:00,2024-06-16 13:24:00,"44.5890,-72.4921",high
2024-06-16 13:28:00,2024-06-09 18:48:00,"44.3615,-73.3373",low
2024-06-13 22:30:00,2024-06-13 22:24:00,"44.6779,-73.6907",high
2024-06-13 17:29:00,2024-06-13 17:20:00,"45.8742,-72.5530",low
2024-06-12 18:31:00,2024-06-12 18:27:00,"45.8658,-72.1359",medium
2024-06-12 18:31:00,2024-06-24 20:54:00,"45.5883,-73.5781",high
2024-06-05 11:18:00,2024-06-05 11:15:00,"44.5369,-73.5767",high
2024-06-23 07:03:00,2024-06-23 07:00:00,"44.8692,-72.5027",high
2024-06-27 14:22:00,2024-06-27 14:13:00,"44.8570,-73.2400",low
2024-06-27 14:22:00,2024-06-11 20:32:00,"44.7505,-72.2551",high
2024-06-20 03:09:00,2024-06-20 03:07:00,"44.3825,-72.1785",high
2024-06-26 17:06:00,2024-06-26 16:59:00,"44.5787,-72.6924",medium
2024-06-05 11:02:00,2024-06-05 10:56:00,"45.0698,-73.3854",medium
2024-06-05 11:02:00,2024-06-19 02:58:00,"45.8423,-72.7501",medium
2024-06-18 03:05:00,2024-06-18 03:04:00,"45.3021,-72.0755",medium
2024-06-12 09:29:00,2024-06-12 09:24:00,"44.3982,-72.2551",high
2024-06-08 07:48:00,2024-06-08 07:46:00,"44.5248,-73.4434",high
2024-06-08 07:48:00,2024-06-03 13:41:00,"45.9927,-72.7771",high
2024-06-10 10:39:00,2024-06-10 10:36:00,"45.8834,-72.4966",high
2024-06-04 19:30:00,2024-06-04 19:20:00,"45.9871,-73.7943",high
2024-06-20 04:55:00,2024-06-20 04:54:00,"45.9489,-72.6569",low
2024-06-20 04:55:00,2024-06-15 19:10:00,"44.0294,-72.2253",high
2024-06-13 04:57:00,2024-06-13 04:56:00,"44.8052,-72.0076",high
2024-06-01 05:58:00,2024-06-01 05:52:00,"44.7314,-72.9931",high
2024-06-07 11:59:00,2024-06-07 11:53:00,"45.5033,-73.6328",medium
2024-06-07 11:59:00,2024-06-26 16:30:00,"44.6303,-73.0324",medium
2024-06-05 11:11:00,2024-06-05 11:04:00,"44.3925,-72.7676",low
2024-06-11 00:28:00,2024-06-11 00:21:00,"44.4828,-72.0407",low
2024-06-24 16:37:00,2024-06-24 16:36:00,"45.6295,-73.2404",low
2024-06-24 16:37:00,2024-06-16 02:32:00,"44.6919,-72.3955",high
2024-06-13 21:56:00,2024-06-13 21:48:00,"44.5490,-73.7290",high
2024-06-24 20:25:00,2024-06-24 20:24:00,"45.5246,-72.4536",high
2024-06-26 15:42:00,2024-06-26 15:35:00,"45.5809,-73.8706",high
2024-06-26 15:42:00,2024-06-30 07:01:00,"44.1391,-73.8142",medium
2024-06-06 12:17:00,2024-06-06 12:12:00,"45.0437,-73.3825",medium
2024-06-27 11:41:00,2024-06-27 11:36:00,"45.4509,-73.5888",medium
2024-06-18 14:07:00,2024-06-18 14:02:00,"44.1112,-73.8685",high
2024-06-18 14:07:00,2024-06-03 07:09:00,"45.7413,-72.7732",low
2024-06-14 02:44:00,2024-06-14 02:35:00,"45.2018,-73.6650",high
2024-06-10 18:18:00,2024-06-10 18:08:00,"44.5734,-73.8641",low
2024-06-29 07:17:00,2024-06-29 07:12:00,"45.1460,-73.5330",low
2024-06-29 07:17:00,2024-06-17 20:08:00,"45.4974,-72.8536",high
2024-06-03 16:42:00,2024-06-03 16:36:00,"45.2185,-73.2916",low
2024-06-02 22:18:00,2024-06-02 22:09:00,"45.8753,-73.4688",medium
2024-06-02 23:37:00,2024-06-02 23:32:00,"44.7294,-72.0635",low
2024-06-02 23:37:00,2024-06-04 22:42:00,"44.6336,-72.8696",high
2024-06-01 03:01:00,2024-06-01 02:58:00,"45.3682,-72.5001",low
2024-06-06 19:19:00,2024-06-06 19:14:00,"45.9136,-72.5015",high
2024-06-09 22:10:00,2024-06-09 22:09:00,"45.0340,-73.4472",medium
2024-06-09 22:10:00,2024-06-02 07:06:00,"45.0818,-72.4061",high
2024-06-16 10:28:00,2024-06-16 10:23:00,"45.0812,-73.3847",medium
2024-06-02 22:04:00,2024-06-02 21:55:00,"45.1417,-73.8916",medium
2024-06-01 22:10:00,2024-06-01 22:00:00,"45.7695,-72.0827",high
2024-06-01 22:10:00,2024-06-12 05:57:00,"45.3735,-72.4723",high
2024-06-12 21:14:00,2024-06-12 21:08:00,"44.7586,-73.9412",medium
2024-06-09 00:02:00,2024-06-08 23:53:00,"44.6850,-73.1267",high
2024-06-05 12:19:00,2024-06-05 12:10:00,"45.3667,-73.4949",medium
2024-06-05 12:19:00,2024-06-22 09:47:00,"45.5712,-73.0869",low
2024-06-28 07:04:00,2024-06-28 06:57:00,"45.9844,-72.5467",low
2024-06-15 15:01:00,2024-06-15 14:59:00,"45.5489,-72.7799",medium
2024-06-11 04:32:00,2024-06-11 04:31:00,"44.8344,-73.7929",high
2024-06-11 04:32:00,2024-06-28 15:54:00,"44.7489,-72.0126",high
2024-06-13 19:01:00,2024-06-13 18:58:00,"44.0699,-73.5946",medium
2024-06-30 20:19:00,2024-06-30 20:17:00,"44.6613,-72.5172",high
2024-06-28 01:19:00,2024-06-28 01:17:00,"45.4324,-73.5568",low
2024-06-28 01:19:00,2024-06-18 12:12:00,"44.0740,-72.7970",high
2024-07-01 02:11:00,2024-07-01 02:07:00,"45.3169,-73.4191",medium
2024-06-15 20:07:00,2024-06-15 20:06:00,"44.3329,-73.8911",low
2024-06-08 01:03:00,2024-06-08 00:58:00,"45.4003,-73.1010",high
2024-06-08 01:03:00,2024-06-11 12:12:00,"45.6544,-72.1438",medium
2024-06-15 20:02:00,2024-06-15 19:53:00,"45.5285,-72.6282",high
2024-06-07 23:34:00,2024-06-07 23:24:00,"45.3873,-72.7879",medium
2024-07-01 19:49:00,2024-07-01 19:40:00,"44.7191,-72.7198",high
2024-07-01 19:49:00,2024-07-01 21:06:00,"45.6777,-73.1567",high
2024-06-11 12:52:00,2024-06-11 12:48:00,"45.3814,-73.9098",low
2024-06-24 05:18:00,2024-06-24 05:16:00,"44.7137,-73.7231",low
2024-06-30 19:25:00,2024-06-30 19:16:00,"45.6215,-72.7354",high
2024-06-30 19:25:00,2024-06-17 20:47:00,"44.1828,-73.3517",medium
2024-06-02 23:31:00,2024-06-02 23:29:00,"45.7891,-73.5019",low
2024-06-05 13:56:00,2024-06-05 13:48:00,"44.7655,-73.3258",low
2024-06-26 07:39:00,2024-06-26 07:29:00,"45.2658,-73.4486",high
2024-06-26 07:39:00,2024-06-14 05:04:00,"44.4980,-72.6189",high
2024-06-07 22:37:00,2024-06-07 22:32:00,"44.4631,-73.1736",high
2024-06-25 15:23:00,2024-06-25 15:19:00,"45.3567,-73.1468",high
2024-06-25 09:56:00,2024-06-25 09:47:00,"44.3580,-73.1525",low
2024-06-25 09:56:00,2024-07-01 12:44:00,"45.1180,-72.3415",high
2024-06-18 23:39:00,2024-06-18 23:37:00,"44.4714,-72.4000",high
2024-06-04 23:27:00,2024-06-04 23:21:00,"45.3579,-72.1262",high
2024-06-09 04:20:00,2024-06-09 04:10:00,"45.4432,-72.1383",high
2024-06-09 04:20:00,2024-06-27 19:11:00,"44.8735,-73.7179",medium
2024-06-29 13:56:00,2024-06-29 13:51:00,"44.8189,-73.3438",medium
2024-06-13 09:58:00,2024-06-13 09:55:00,"45.1203,-72.6007",high
2024-06-16 04:54:00,2024-06-16 04:44:00,"45.8736,-73.6046",low
2024-06-16 04:54:00,2024-06-20 08:18:00,"45.6248,-73.8767",high
2024-06-09 09:12:00,2024-06-09 09:04:00,"44.6598,-73.7779",high
2024-06-25 04:43:00,2024-06-25 04:40:00,"44.8808,-72.9112",medium
2024-06-22 21:54:00,2024-06-22 21:50:00,"45.1126,-72.5511",high
2024-06-22 21:54:00,2024-06-21 07:53:00,"45.7267,-73.2652",high
2024-06-19 19:36:00,2024-06-19 19:31:00,"44.4065,-72.3134",high
2024-06-14 13:45:00,2024-06-14 13:36:00,"44.4911,-72.1001",medium
2024-06-15 08:41:00,2024-06-15 08:36:00,"45.2031,-73.6669",medium
2024-06-15 08:41:00,2024-06-12 13:00:00,"45.8181,-73.5561",medium
2024-06-11 19:23:00,2024-06-11 19:17:00,"44.0994,-72.6032",medium
2024-06-09 09:37:00,2024-06-09 09:32:00,"44.0720,-73.9142",low
2024-06-12 07:48:00,2024-06-12 07:39:00,"45.3430,-73.8034",high
2024-06-12 07:48:00,2024-06-17 07:01:00,"44.6568,-72.4948",low
2024-06-11 15:30:00,2024-06-11 15:20:00,"44.5557,-72.8273",medium
2024-06-15 02:00:00,2024-06-15 01:50:00,"45.8778,-72.8893",low
2024-06-23 16:36:00,2024-06-23 16:32:00,"45.4428,-73.8199",medium
2024-06-23 16:36:00,2024-06-17 00:34:00,"45.7693,-73.5169",medium
2024-06-28 05:02:00,2024-06-28 05:00:00,"45.1817,-73.1041",low
2024-06-18 08:16:00,2024-06-18 08:12:00,"44.7923,-73.7821",low
2024-07-01 06:40:00,2024-07-01 06:30:00,"45.1337,-73.5561",high
2024-07-01 06:40:00,2024-06-01 17:06:00,"45.2291,-73.2194",medium
2024-06-29 02:44:00,2024-06-29 02:43:00,"45.5484,-73.1553",high
2024-06-16 14:05:00,2024-06-16 14:00:00,"44.8681,-72.2948",high
2024-06-05 21:50:00,2024-06-05 21:46:00,"44.6755,-72.9723",low
2024-06-05 21:50:00,2024-06-22 23:16:00,"45.8656,-73.8627",high
2024-06-24 11:17:00,2024-06-24 11:10:00,"44.4188,-72.1267",low
2024-06-22 05:49:00,2024-06-22 05:39:00,"45.6017,-72.0528",medium
2024-06-16 19:11:00,2024-06-16 19:08:00,"44.2929,-73.7770",medium
2024-06-16 19:11:00,2024-06-16 13:35:00,"44.3884,-73.0933",high
2024-06-16 01:01:00,2024-06-16 00:54:00,"44.7164,-72.3361",low
2024-06-19 00:06:00,2024-06-19 00:03:00,"44.8428,-73.9112",high
2024-06-10 08:06:00,2024-06-10 08:05:00,"45.4283,-72.7926",medium
2024-06-10 08:06:00,2024-06-13 05:29:00,"45.1523,-73.4649",medium
2024-06-12 22:48:00,2024-06-12 22:38:00,"45.4759,-72.3989",medium
2024-06-23 00:48:00,2024-06-23 00:39:00,"45.2738,-73.4751",medium
2024-06-08 08:03:00,2024-06-08 07:55:00,"45.4924,-73.2372",high
2024-06-08 08:03:00,2024-06-26 13:34:00,"44.5078,-73.1912",high
2024-06-22 10:17:00,2024-06-22 10:10:00,"44.9304,-72.0908",medium
2024-06-06 05:56:00,2024-06-06 05:49:00,"44.4126,-72.8204",high
2024-06-02 05:44:00,2024-06-02 05:39:00,"45.6523,-72.0883",medium
2024-06-02 05:44:00,2024-06-04 22:19:00,"44.0091,-73.2984",medium
2024-06-15 22:43:00,2024-06-15 22:42:00,"45.4209,-73.5526",high
2024-06-23 23:51:00,2024-06-23 23:47:00,"44.7538,-72.1606",low
2024-06-19 13:08:00,2024-06-19 13:03:00,"44.8052,-72.3081",medium
2024-06-19 13:08:00,2024-06-26 13:03:00,"44.4553,-72.5661",medium
2024-06-08 09:07:00,2024-06-08 08:58:00,"44.9312,-72.0826",low
2024-06-05 04:33:00,2024-06-05 04:26:00,"44.4150,-72.5424",medium
2024-06-10 07:03:00,2024-06-10 06:59:00,"44.6222,-72.0405",medium
2024-06-10 07:03:00,2024-06-13 08:11:00,"45.8504,-72.1873",low
2024-06-03 09:23:00,2024-06-03 09:16:00,"44.7925,-72.1100",high
2024-06-24 09:56:00,2024-06-24 09:46:00,"45.4701,-73.6115",high
2024-06-06 23:41:00,2024-06-06 23:36:00,"45.1212,-72.1767",high
